,id,sensor_serial_number,name,description,created_at,updated_at,spaces,tags,multipoint
0,drw_966437619804144274,B2FAG008,Brooklyn: Testing Unit,,2021-08-24T20:38:04.116Z,2021-08-24T20:38:11.119Z,[],[],False
1,drw_1004860652222677353,A1EFY014,Park Ave: F12.1- 1/2,,2021-12-08T21:17:28.924Z,2021-12-08T21:17:35.939Z,"[{'id': 'spc_964669254068601838', 'name': '12th Floor', 'link_id': 'lnk_1004866596549690179', 'sensor_placement': 1}]",[],True
2,drw_1004860944326590841,A1EFU045,Park Ave: F12.1- 2/2,,2021-12-08T21:18:38.566Z,2021-12-08T21:18:43.161Z,"[{'id': 'spc_964669254068601838', 'name': '12th Floor', 'link_id': 'lnk_1004866596545495873', 'sensor_placement': 1}]",[],True
3,drw_1004861211927380362,A1EFT030,Park Ave: F12.2,,2021-12-08T21:19:42.384Z,2021-12-08T21:19:49.918Z,"[{'id': 'spc_964669254068601838', 'name': '12th Floor', 'link_id': 'lnk_1004866596541301570', 'sensor_placement': 1}]",[],False
4,drw_1004861460427309477,A1EFU002,Park Ave: F12.3,,2021-12-08T21:20:41.618Z,2021-12-08T21:20:48.806Z,"[{'id': 'spc_964669254068601838', 'name': '12th Floor', 'link_id': 'lnk_1004866596537107264', 'sensor_placement': 1}]",[],False
5,drw_1007746200721424939,A1EFY019,Park Ave: F6.10- SE Men’s Restroom,,2021-12-16T20:23:37.309Z,2021-12-16T20:23:41.484Z,"[{'id': 'spc_1007813665115603175', 'name': 'Floor 6, SE Men’s Restroom', 'link_id': 'lnk_1007813666046738664', 'sensor_placement': -1}]",[],False
6,drw_1007743308513935431,A1EFT027,Park Ave: F6.1-NW Women’s Restroom,,2021-12-16T20:12:07.792Z,2021-12-16T20:12:13.690Z,"[{'id': 'spc_1007812342638969039', 'name': 'Floor 6, NW Women’s Restroom', 'link_id': 'lnk_1007812343754653904', 'sensor_placement': -1}]",[],False
7,drw_1007743567830974549,A1EFY011,Park Ave: F6.4-NE Men’s Restroom,,2021-12-16T20:13:09.564Z,2021-12-16T20:13:16.032Z,"[{'id': 'spc_1007812533655961811', 'name': 'Floor 6, NE Men’s Restroom', 'link_id': 'lnk_1007812534540959956', 'sensor_placement': -1}]",[],False
8,drw_1007743900783214696,A1EFY021,Park Ave: F6.5,,2021-12-16T20:14:28.945Z,2021-12-16T20:14:32.101Z,"[{'id': 'spc_964669056093258730', 'name': '6th Floor', 'link_id': 'lnk_1007813184775520475', 'sensor_placement': 1}]",[],True
9,drw_1007744136029143315,A1EFZ011,Park Ave: F6.6,,2021-12-16T20:15:25.045Z,2021-12-16T20:15:43.425Z,"[{'id': 'spc_964669056093258730', 'name': '6th Floor', 'link_id': 'lnk_1007813185371111644', 'sensor_placement': 1}]",[],True
10,drw_1007744647130251681,A1EFY012,Park Ave: F6.7,,2021-12-16T20:17:26.905Z,2021-12-16T20:17:32.160Z,"[{'id': 'spc_964669056093258730', 'name': '6th Floor', 'link_id': 'lnk_1007813185605992672', 'sensor_placement': 1}]",[],False
11,drw_1007744964127359412,A1EFZ001,Park Ave: F6.7.1,,2021-12-16T20:18:42.475Z,2021-12-16T20:18:47.961Z,"[{'id': 'spc_964669056093258730', 'name': '6th Floor', 'link_id': 'lnk_1007813185597604063', 'sensor_placement': 1}]",[],False
12,drw_1007745282705719779,A1EFU015,Park Ave: F6.7.2,,2021-12-16T20:19:58.533Z,2021-12-16T20:20:03.284Z,"[{'id': 'spc_964669056093258730', 'name': '6th Floor', 'link_id': 'lnk_1007813185605992670', 'sensor_placement': 1}]",[],True
13,drw_1007745552961503727,A1EFU043,Park Ave: F6.7.3,,2021-12-16T20:21:02.869Z,2021-12-16T20:21:07.051Z,"[{'id': 'spc_964669056093258730', 'name': '6th Floor', 'link_id': 'lnk_1007813185597604061', 'sensor_placement': 1}]",[],True
14,drw_1007745823443780117,A1EFZ023,Park Ave: F6.8- SW Men’s Restroom,,2021-12-16T20:22:07.345Z,2021-12-16T20:22:11.662Z,"[{'id': 'spc_1007813449968779491', 'name': 'Floor 6, SW Men’s Restroom', 'link_id': 'lnk_1007813450686005476', 'sensor_placement': -1}]",[],False
15,drw_1007748947424314320,A1EFZ030,Park Ave: F7.11-SE Women’s Restroom,,2021-12-16T20:34:32.158Z,2021-12-16T20:34:35.851Z,"[{'id': 'spc_1007815493710512392', 'name': 'Floor 7, SE Women’s Restroom', 'link_id': 'lnk_1007815494561956105', 'sensor_placement': -1}]",[],False
16,drw_1007754162261197248,A1EFY002,Park Ave: F7.13-SW Men’s Restroom,,2021-12-16T20:55:15.495Z,2021-12-16T20:55:20.434Z,"[{'id': 'spc_1007815641308070158', 'name': 'Floor 7, SW Men’s Restroom', 'link_id': 'lnk_1007815642084016399', 'sensor_placement': -1}]",[],False
17,drw_1007755114775052797,A1EFU004,Park Ave: F7.14.1,,2021-12-16T20:59:02.655Z,2021-12-16T20:59:07.464Z,"[{'id': 'spc_964669132635112427', 'name': '7th Floor', 'link_id': 'lnk_1007814822391185662', 'sensor_placement': 1}]",[],False
18,drw_1007754470240551375,A1EFU042,Park Ave: F7.14- 1/2,,2021-12-16T20:56:28.903Z,2021-12-16T20:56:33.342Z,"[{'id': 'spc_964669132635112427', 'name': '7th Floor', 'link_id': 'lnk_1007814822416351487', 'sensor_placement': 1}]",[],True
19,drw_1007755392832242252,A1EFU046,Park Ave: F7.14.2- 1/2,,2021-12-16T21:00:08.865Z,2021-12-16T21:00:41.406Z,"[{'id': 'spc_964669132635112427', 'name': '7th Floor', 'link_id': 'lnk_1007814823129383171', 'sensor_placement': 1}]",[],True
20,drw_1007754798147043806,A1EFU011,Park Ave: F7.14- 2/2,,2021-12-16T20:57:47.106Z,2021-12-16T20:57:53.579Z,"[{'id': 'spc_964669132635112427', 'name': '7th Floor', 'link_id': 'lnk_1007814823162937604', 'sensor_placement': 1}]",[],True
21,drw_1007756288425198406,A1EFY020,Park Ave: F7.14.2- 2/2,,2021-12-16T21:03:42.394Z,2021-12-16T21:03:50.134Z,"[{'id': 'spc_964669132635112427', 'name': '7th Floor', 'link_id': 'lnk_1007814823116800258', 'sensor_placement': 1}]",[],True
22,drw_1007746497841726010,A1EFZ010,Park Ave: F7.1- NW Women’s Restroom,,2021-12-16T20:24:48.139Z,2021-12-16T20:24:52.723Z,"[{'id': 'spc_1007814037460746476', 'name': 'Floor 7, NW Women’s Restroom', 'link_id': 'lnk_1007814038261858541', 'sensor_placement': -1}]",[],False
23,drw_1007763708836840038,A1EFY004,Park Ave: F7.4-NE Men’s Restroom,,2021-12-16T21:33:11.558Z,2021-12-16T21:33:47.481Z,"[{'id': 'spc_1007814310585434353', 'name': ""Floor 7, NE Men's Restroom"", 'link_id': 'lnk_1007814311365574898', 'sensor_placement': -1}]",[],False
24,drw_1007746873638781513,A1EFZ022,Park Ave: F7.5,,2021-12-16T20:26:17.746Z,2021-12-16T20:26:31.723Z,"[{'id': 'spc_964669056093258730', 'name': '6th Floor', 'link_id': 'lnk_1007815241477652743', 'sensor_placement': 1}, {'id': 'spc_964669132635112427', 'name': '7th Floor', 'link_id': 'lnk_1007814821627822331', 'sensor_placement': -1}]",[],False
25,drw_1007747223536009816,A1EFZ004,Park Ave: F7.6,,2021-12-16T20:27:41.162Z,2021-12-16T20:27:46.272Z,"[{'id': 'spc_964669132635112427', 'name': '7th Floor', 'link_id': 'lnk_1007814822235996412', 'sensor_placement': 1}]",[],True
26,drw_1007747600020931174,A1EFT031,Park Ave: F7.7,,2021-12-16T20:29:10.915Z,2021-12-16T20:29:16.513Z,"[{'id': 'spc_964669132635112427', 'name': '7th Floor', 'link_id': 'lnk_1007814822374408445', 'sensor_placement': 1}]",[],True
27,drw_1007747973158798110,A1EFZ015,Park Ave: F7.8,,2021-12-16T20:30:39.898Z,2021-12-16T20:30:45.761Z,"[{'id': 'spc_964669132635112427', 'name': '7th Floor', 'link_id': 'lnk_1007814822412157185', 'sensor_placement': 1}]",[],True
28,drw_1007748490031268800,A1EFY005,Park Ave: F7.9,,2021-12-16T20:32:43.109Z,2021-12-16T20:32:46.633Z,"[{'id': 'spc_964669132635112427', 'name': '7th Floor', 'link_id': 'lnk_1007814822399574272', 'sensor_placement': 1}]",[],True
29,drw_1007817419709743676,,Park Ave: F8.10-SE Women’s Restroom,,2021-12-17T01:06:37.221Z,2021-12-17T01:06:37.223Z,"[{'id': 'spc_1007817468149760573', 'name': 'Floor 8, SE Women’s Restroom', 'link_id': 'lnk_1007817469085090366', 'sensor_placement': -1}]",[],False
30,drw_1007756703938118530,A1EFT019,Park Ave: F8.1-NW Women’s Restroom,,2021-12-16T21:05:21.476Z,2021-12-16T21:05:33.603Z,"[{'id': 'spc_1007816081743544864', 'name': 'Floor 8, NW Women’s Restroom', 'link_id': 'lnk_1007816082804703777', 'sensor_placement': -1}]",[],False
31,drw_1007816300417778211,A1ENC046,Park Ave: F8.4- NE Men’s Restroom,,2021-12-17T01:02:10.362Z,2022-01-14T21:04:11.588Z,"[{'id': 'spc_1007816445825909284', 'name': 'Floor 8, NE Men’s Restroom', 'link_id': 'lnk_1007819451271217765', 'sensor_placement': -1}]",[],False
32,drw_1007816598116893225,A1ENC023,Park Ave: F8.5,,2021-12-17T01:03:21.334Z,2022-01-14T21:06:18.750Z,"[{'id': 'spc_964669188536796140', 'name': '8th Floor', 'link_id': 'lnk_1007816723803406891', 'sensor_placement': 1}]",[],True
33,drw_1007816680996340266,A1EMX006,Park Ave: F8.6,,2021-12-17T01:03:41.102Z,2022-01-14T21:07:12.080Z,"[{'id': 'spc_964669188536796140', 'name': '8th Floor', 'link_id': 'lnk_1007816724499661356', 'sensor_placement': 1}]",[],True
34,drw_1007816930888778290,A1ENC035,Park Ave: F8.7,,2021-12-17T01:04:40.673Z,2022-01-14T21:08:06.102Z,"[{'id': 'spc_964669188536796140', 'name': '8th Floor', 'link_id': 'lnk_1007817223852524085', 'sensor_placement': 1}]",[],False
35,drw_1007817050208338483,A1ENC043,Park Ave: F8.7.1,,2021-12-17T01:05:09.129Z,2022-01-14T21:09:30.743Z,"[{'id': 'spc_964669188536796140', 'name': '8th Floor', 'link_id': 'lnk_1007817224309703222', 'sensor_placement': 1}]",[],True
36,drw_1007817175345398324,A1EMX004,Park Ave: F8.7.2,,2021-12-17T01:05:38.949Z,2022-01-14T21:10:16.845Z,"[{'id': 'spc_964669188536796140', 'name': '8th Floor', 'link_id': 'lnk_1007817224456503863', 'sensor_placement': 1}]",[],True
37,drw_964575650448933713,A1EFS015,Travis: Entry 10.10: Metro Pod,,2021-08-19T17:19:16.028Z,2021-08-23T20:16:26.466Z,"[{'id': 'spc_964575655691813714', 'name': 'Travis: F10: Metro Pod', 'link_id': 'lnk_964575656585200467', 'sensor_placement': -1}]",[],False
38,drw_964576130138899304,A1EFS017,Travis: Entry 10.11: Allen Pod,,2021-08-19T17:21:10.397Z,2021-08-23T20:19:45.035Z,"[{'id': 'spc_964576134387729257', 'name': 'Travis:  F10 Allen Pod', 'link_id': 'lnk_964576135151092586', 'sensor_placement': -1}]",[],False
39,drw_964574296296915635,A1EFM015,Travis: Entry 10.1: Women’s Restroom,,2021-08-19T17:13:53.174Z,2021-08-23T20:10:19.143Z,"[{'id': 'spc_964574304299647668', 'name': 'Travis: F10: Women’s Restroom', 'link_id': 'lnk_964574305323057845', 'sensor_placement': -1}]",[],False
40,drw_964574752104514358,A1EFS021,Travis: Entry 10.2: Unisex Restroom,,2021-08-19T17:15:41.848Z,2021-08-23T20:11:15.179Z,"[{'id': 'spc_964574756353344311', 'name': 'Travis: F10: Unisex Restroom', 'link_id': 'lnk_964574757104124728', 'sensor_placement': -1}]",[],False
41,drw_964575033747833669,A1EFS019,Travis: Entry 10.3: Near Elevator Lobby,,2021-08-19T17:16:48.994Z,2021-08-23T20:12:11.162Z,"[{'id': 'spc_950805106972950770', 'name': '600 Travis St', 'link_id': 'lnk_964577868698878868', 'sensor_placement': 1}, {'id': 'spc_950805450792632604', 'name': 'Floor 10', 'link_id': 'lnk_964575044552360774', 'sensor_placement': 1}]",[],False
42,drw_964575872155648860,A1EFS016,Travis: Entry 10.5: Elevator Lobby,,2021-08-19T17:20:08.885Z,2021-08-23T20:17:29.170Z,"[{'id': 'spc_950805106972950770', 'name': '600 Travis St', 'link_id': 'lnk_964577868673713043', 'sensor_placement': 1}, {'id': 'spc_950805450792632604', 'name': 'Floor 10', 'link_id': 'lnk_964575877083956061', 'sensor_placement': 1}]",[],False
43,drw_964576019627377506,A1EFS013,Travis: Entry 10.7: Freight Elevator,,2021-08-19T17:20:44.043Z,2021-08-23T20:18:29.824Z,"[{'id': 'spc_950805106972950770', 'name': '600 Travis St', 'link_id': 'lnk_964577868719850389', 'sensor_placement': -1}, {'id': 'spc_950805450792632604', 'name': 'Floor 10', 'link_id': 'lnk_964576024761205603', 'sensor_placement': -1}]",[],False
44,drw_964575423469978446,A1EFS022,Travis: Entry 10.9: Men’s Restroom,,2021-08-19T17:18:21.912Z,2021-08-23T20:13:56.810Z,"[{'id': 'spc_964575428679304015', 'name': 'Travis: F10: Men’s Restroom', 'link_id': 'lnk_964575429518164816', 'sensor_placement': -1}]",[],False
45,drw_966081540096262204,A1EFS026,Travis: Entry 11.10: Pod,,2021-08-23T21:03:08.101Z,2021-08-23T21:03:29.822Z,"[{'id': 'spc_966118340282024269', 'name': 'Travis: Entry 11.10: Pod', 'link_id': 'lnk_966118341280268622', 'sensor_placement': -1}]",[],False
46,drw_966082002895765576,A1EFM033,Travis: Entry 11.11: Pod 2,,2021-08-23T21:04:58.440Z,2021-08-23T21:05:07.337Z,"[{'id': 'spc_966118571954405834', 'name': 'Travis:Entry 11.11: Pod 2', 'link_id': 'lnk_966118572726157771', 'sensor_placement': -1}]",[],False
47,drw_964275672300126667,A1EFM034,Travis: Entry 11.12: Stairwell from floor 11 to floor 12,,2021-08-18T21:27:15.660Z,2021-08-23T21:06:16.987Z,"[{'id': 'spc_950805489682219293', 'name': 'Floor 11', 'link_id': 'lnk_964275681930248652', 'sensor_placement': -1}, {'id': 'spc_950805526378184990', 'name': 'Floor 12', 'link_id': 'lnk_964275748196057549', 'sensor_placement': 1}]",[],False
48,drw_966071082303881327,A1EFS014,Travis: Entry 11.1: Women’s Restroom,,2021-08-23T20:21:34.765Z,2021-08-23T20:21:48.389Z,"[{'id': 'spc_966117004685607225', 'name': 'Travis: Entry 11.1: Women’s Restroom', 'link_id': 'lnk_966117005595771194', 'sensor_placement': -1}]",[],False
49,drw_966071566112653434,A1EFS020,Travis: Entry 11.2: Unisex Restroom,,2021-08-23T20:23:30.114Z,2022-01-11T23:56:34.914Z,"[{'id': 'spc_966117409809236289', 'name': 'Travis: Entry 11.2: Unisex Restroom', 'link_id': 'lnk_966117410601959746', 'sensor_placement': -1}]",[],False
50,drw_966086723098378614,A1EFS025,Travis: Entry 11.3: Elevator Lobby,,2021-08-23T21:23:43.830Z,2021-08-23T21:24:05.790Z,"[{'id': 'spc_950805106972950770', 'name': '600 Travis St', 'link_id': 'lnk_966119182615708111', 'sensor_placement': 1}, {'id': 'spc_950805489682219293', 'name': 'Floor 11', 'link_id': 'lnk_966116523712184628', 'sensor_placement': 1}]",[],False
51,drw_966080222501798798,A1EFS023,Travis: Entry 11.5: Elevator Lobby,,2021-08-23T20:57:53.958Z,2021-08-23T20:58:02.692Z,"[{'id': 'spc_950805106972950770', 'name': '600 Travis St', 'link_id': 'lnk_966119183148384720', 'sensor_placement': 1}, {'id': 'spc_950805489682219293', 'name': 'Floor 11', 'link_id': 'lnk_966116523733156150', 'sensor_placement': 1}]",[],False
52,drw_966080655119090594,A1EFS018,Travis: Entry 11.7: Freight Elevator,,2021-08-23T20:59:37.103Z,2021-08-23T20:59:47.962Z,"[{'id': 'spc_950805106972950770', 'name': '600 Travis St', 'link_id': 'lnk_966119183408431569', 'sensor_placement': -1}, {'id': 'spc_950805489682219293', 'name': 'Floor 11', 'link_id': 'lnk_966116523720573237', 'sensor_placement': -1}]",[],False
53,drw_966081057629667375,A1EFS024,Travis: Entry 11.9: Men’s Restroom,,2021-08-23T21:01:13.079Z,2021-08-23T21:01:31.097Z,"[{'id': 'spc_966118071217422666', 'name': 'Travis: Entry 11.9: Men’s Restroom', 'link_id': 'lnk_966118071980785995', 'sensor_placement': -1}]",[],False
54,drw_966085228487508275,A1EFM002,Travis: Entry 12.10: Pod 1,,2021-08-23T21:17:47.484Z,2021-08-23T21:17:52.978Z,"[{'id': 'spc_966121383123747324', 'name': 'Travis: Entry 12.10: Pod 1', 'link_id': 'lnk_966121383987773949', 'sensor_placement': -1}]",[],False
55,drw_966085551910289730,A1EFK015,Travis: Entry 12.11: Pod 2,,2021-08-23T21:19:04.593Z,2021-08-23T21:19:10.516Z,"[{'id': 'spc_966121659943617023', 'name': 'Travis: Entry 12.11: Pod 2', 'link_id': 'lnk_966121660744729088', 'sensor_placement': -1}]",[],False
56,drw_966082687104188504,A1EFK019,Travis: Entry 12.1: Women’s Restroom,,2021-08-23T21:07:41.565Z,2021-08-23T21:07:48.152Z,"[{'id': 'spc_966120787188646374', 'name': 'Travis: Entry 12.1: Women’s Restroom', 'link_id': 'lnk_966120787872317927', 'sensor_placement': -1}]",[],False
57,drw_966083077933629544,A1EFK012,Travis: Entry 12.2: Unisex Restroom,,2021-08-23T21:09:14.747Z,2021-08-23T21:09:22.986Z,"[{'id': 'spc_966120944944808424', 'name': 'Travis: Entry 12.2: Unisex Restroom', 'link_id': 'lnk_966120945662034409', 'sensor_placement': -1}]",[],False
58,drw_966083422822858866,A1EFJ026,Travis: Entry 12.3: Elevator Lobby,,2021-08-23T21:10:36.973Z,2021-08-23T21:11:01.853Z,"[{'id': 'spc_950805106972950770', 'name': '600 Travis St', 'link_id': 'lnk_966122233816678918', 'sensor_placement': 1}, {'id': 'spc_950805526378184990', 'name': 'Floor 12', 'link_id': 'lnk_966120486327026142', 'sensor_placement': 1}]",[],False
59,drw_966083917129973886,A1EFK027,Travis: Entry 12.5: Elevator Lobby,,2021-08-23T21:12:34.826Z,2021-08-23T21:12:54.540Z,"[{'id': 'spc_950805106972950770', 'name': '600 Travis St', 'link_id': 'lnk_966122234336772615', 'sensor_placement': 1}, {'id': 'spc_950805526378184990', 'name': 'Floor 12', 'link_id': 'lnk_966120486821954015', 'sensor_placement': 1}]",[],False
60,drw_966084576227098890,A1EFK029,Travis: Entry 12.7 Freight Elevator,,2021-08-23T21:15:11.967Z,2021-08-23T23:37:07.665Z,"[{'id': 'spc_950805106972950770', 'name': '600 Travis St', 'link_id': 'lnk_966122234647151112', 'sensor_placement': -1}, {'id': 'spc_950805526378184990', 'name': 'Floor 12', 'link_id': 'lnk_966120487094583776', 'sensor_placement': -1}]",[],False
61,drw_966084916221575461,A1EFM005,Travis: Entry 12.9: Men’s Restroom,,2021-08-23T21:16:33.033Z,2021-08-23T21:16:37.313Z,"[{'id': 'spc_966121202923864557', 'name': 'Travis: Entry 12.9: Men’s Restroom', 'link_id': 'lnk_966121203733365230', 'sensor_placement': -1}]",[],False
62,drw_966088619913642562,A1EFJ028,Travis: Entry 13.10: Pod,,2021-08-23T21:31:16.057Z,2021-08-23T21:31:20.082Z,"[{'id': 'spc_966130586290750359', 'name': 'Travis: Entry 13.10: Pod', 'link_id': 'lnk_966130587150582680', 'sensor_placement': -1}]",[],False
63,drw_966088916031504981,A1EFK025,Travis: Entry 13.11: Pod,,2021-08-23T21:32:26.658Z,2021-08-23T21:32:34.144Z,"[{'id': 'spc_966130817761805213', 'name': 'Travis: Entry 13.11: Pod', 'link_id': 'lnk_966130818676163486', 'sensor_placement': -1}]",[],False
64,drw_966089308496724600,A1EFJ030,Travis: Entry 13.12: Stairwell from floor 13 to floor 14,,2021-08-23T21:34:00.230Z,2021-08-23T21:34:08.896Z,"[{'id': 'spc_950805563753627935', 'name': 'Floor 13', 'link_id': 'lnk_966129435927380784', 'sensor_placement': -1}, {'id': 'spc_950805640261927201', 'name': 'Floor 14', 'link_id': 'lnk_966132050006377399', 'sensor_placement': 1}]",[],False
65,drw_966086049447018831,A1EFM001,Travis: Entry 13.1: Women’s Restroom,,2021-08-23T21:21:03.212Z,2021-08-23T21:21:14.553Z,"[{'id': 'spc_966129769705898804', 'name': 'Travis: Entry 13.1: Women’s Restroom', 'link_id': 'lnk_966129770779640629', 'sensor_placement': -1}]",[],False
66,drw_966086415429402970,A1EFK030,Travis: Entry 13.2: Single User,,2021-08-23T21:22:30.468Z,2021-08-23T21:22:37.234Z,"[{'id': 'spc_966130090263970706', 'name': 'Travis: Entry 13.2: Single User', 'link_id': 'lnk_966130091102831507', 'sensor_placement': -1}]",[],False
67,drw_966087176146125188,A1EFM011,Travis: Entry 13.3: Elevator Lobby,,2021-08-23T21:25:31.844Z,2021-08-23T21:25:38.757Z,"[{'id': 'spc_950805106972950770', 'name': '600 Travis St', 'link_id': 'lnk_966131255680697260', 'sensor_placement': 1}, {'id': 'spc_950805563753627935', 'name': 'Floor 13', 'link_id': 'lnk_966129435130463021', 'sensor_placement': 1}]",[],False
68,drw_966087552777847184,A1EFJ037,Travis: Entry 13.5: Elevator Lobby,,2021-08-23T21:27:01.633Z,2021-08-23T21:27:08.018Z,"[{'id': 'spc_950805106972950770', 'name': '600 Travis St', 'link_id': 'lnk_966131256209179566', 'sensor_placement': 1}, {'id': 'spc_950805563753627935', 'name': 'Floor 13', 'link_id': 'lnk_966129435713471278', 'sensor_placement': 1}]",[],False
69,drw_966087979774771635,A1EFK024,Travis: Entry 13.7: Freight Elevator,,2021-08-23T21:28:43.439Z,2021-08-23T21:28:47.479Z,"[{'id': 'spc_950805106972950770', 'name': '600 Travis St', 'link_id': 'lnk_966131256494392237', 'sensor_placement': -1}, {'id': 'spc_950805563753627935', 'name': 'Floor 13', 'link_id': 'lnk_966129435906409263', 'sensor_placement': -1}]",[],False
70,drw_966088308855669181,A1EFK002,Travis: Entry 13.9: Men’s Restroom,,2021-08-23T21:30:01.925Z,2021-08-23T21:30:10.053Z,"[{'id': 'spc_966130348649874325', 'name': 'Travis: Entry 13.9: Men’s Restroom', 'link_id': 'lnk_966130349539066774', 'sensor_placement': -1}]",[],False
71,drw_966091863763190490,A1EGA021,Travis: Entry 14.10: Pod,,2021-08-23T21:44:09.452Z,2021-08-23T21:44:15.746Z,"[{'id': 'spc_966133127007175630', 'name': 'Travis: Entry 14.10: Pod', 'link_id': 'lnk_966133127934116815', 'sensor_placement': -1}]",[],False
72,drw_966089713335140995,A1EFJ035,Travis: Entry 14.1: Women’s Restroom,,2021-08-23T21:35:36.781Z,2021-08-23T21:35:45.610Z,"[{'id': 'spc_966132530241602497', 'name': 'Travis: Entry 14.1: Women’s Restroom', 'link_id': 'lnk_966132531239846850', 'sensor_placement': -1}]",[],False
73,drw_966090084220666510,A1EFM010,Travis: Entry 14.2: Single User,,2021-08-23T21:37:05.187Z,2021-08-23T21:37:11.275Z,"[{'id': 'spc_966132697749521347', 'name': 'Travis: Entry 14.2: Single User', 'link_id': 'lnk_966132698634519492', 'sensor_placement': -1}]",[],False
74,drw_966090413221872281,A1EFH007,Travis: Entry 14.3: Elevator Lobby,,2021-08-23T21:38:23.616Z,2021-08-23T21:38:31.116Z,"[{'id': 'spc_950805106972950770', 'name': '600 Travis St', 'link_id': 'lnk_966133318166774737', 'sensor_placement': 1}, {'id': 'spc_950805640261927201', 'name': 'Floor 14', 'link_id': 'lnk_966132050002183096', 'sensor_placement': 1}]",[],False
75,drw_966090732605538979,A1EFN035,Travis: Entry 14.5: Elevator lobby,,2021-08-23T21:39:39.764Z,2021-08-23T21:39:46.152Z,"[{'id': 'spc_950805106972950770', 'name': '600 Travis St', 'link_id': 'lnk_966133318695257042', 'sensor_placement': 1}, {'id': 'spc_950805640261927201', 'name': 'Floor 14', 'link_id': 'lnk_966132050539054009', 'sensor_placement': 1}]",[],False
76,drw_966091153894015669,A1EFN026,Travis: Entry 14.7: Freight Elevator,,2021-08-23T21:41:20.210Z,2021-08-23T21:41:28.351Z,"[{'id': 'spc_950805106972950770', 'name': '600 Travis St', 'link_id': 'lnk_966133319152436179', 'sensor_placement': -1}, {'id': 'spc_950805640261927201', 'name': 'Floor 14', 'link_id': 'lnk_966132050585191354', 'sensor_placement': -1}]",[],False
77,drw_966091520195166927,A1EFN029,Travis: Entry 14.9: Men’s Restroom,,2021-08-23T21:42:47.569Z,2021-08-23T21:42:56.638Z,"[{'id': 'spc_966132922211894217', 'name': 'Travis: Entry 14.9: Men’s Restroom', 'link_id': 'lnk_966132923252081610', 'sensor_placement': -1}]",[],False
78,drw_966092276566590301,A1EFZ026,Travis: Entry 15.1: Women’s Restroom,,2021-08-23T21:45:47.884Z,2021-08-23T21:46:07.562Z,"[{'id': 'spc_966133850801438794', 'name': 'Travis: Entry 15.1: Women’s Restroom', 'link_id': 'lnk_966133851623522379', 'sensor_placement': -1}]",[],False
79,drw_966092682478748522,A1EFZ027,Travis: Entry 15.2: Unisex Restroom,,2021-08-23T21:47:24.653Z,2021-08-23T21:47:33.794Z,"[{'id': 'spc_966134058264297553', 'name': 'Travis: Entry 15.2: Unisex Restroom', 'link_id': 'lnk_966134059275124818', 'sensor_placement': -1}]",[],False
80,drw_966093026344567681,A1EGA019,Travis: Entry 15.3: Lobby Area,,2021-08-23T21:48:46.635Z,2021-08-23T21:48:51.610Z,"[{'id': 'spc_950805106972950770', 'name': '600 Travis St', 'link_id': 'lnk_966134478361591901', 'sensor_placement': 1}, {'id': 'spc_950805677947748642', 'name': 'Floor 15', 'link_id': 'lnk_966133665262207046', 'sensor_placement': 1}]",[],False
81,drw_966093490305893270,A1EFZ028,Travis: Entry 15.5: Lobby Area,,2021-08-23T21:50:37.251Z,2021-08-23T21:50:46.421Z,"[{'id': 'spc_950805106972950770', 'name': '600 Travis St', 'link_id': 'lnk_966134478361591902', 'sensor_placement': 1}, {'id': 'spc_950805677947748642', 'name': 'Floor 15', 'link_id': 'lnk_966133665283178567', 'sensor_placement': 1}]",[],False
82,drw_966093859438199712,A1EGA025,Travis: Entry 15.7: Freight Elevator,,2021-08-23T21:52:05.259Z,2021-08-23T21:52:14.617Z,"[{'id': 'spc_950805106972950770', 'name': '600 Travis St', 'link_id': 'lnk_966134478361591900', 'sensor_placement': -1}, {'id': 'spc_950805677947748642', 'name': 'Floor 15', 'link_id': 'lnk_966133665790689352', 'sensor_placement': -1}]",[],False
83,drw_966094190477837228,A1EGA007,Travis: Entry 15.9: Men’s Restroom,,2021-08-23T21:53:24.186Z,2021-08-23T21:53:59.851Z,"[{'id': 'spc_966134295594795095', 'name': 'Travis: Entry 15.9: Men’s Restroom', 'link_id': 'lnk_966134297385762904', 'sensor_placement': -1}]",[],False
84,drw_966097806269874340,A1EFZ029,Travis: Entry 16.10: Rothko Pod,,2021-08-23T22:07:46.261Z,2021-08-23T22:07:50.552Z,"[{'id': 'spc_966135951275327612', 'name': 'Travis: Entry 16.10: Rothko Pod', 'link_id': 'lnk_966135952298737789', 'sensor_placement': -1}]",[],False
85,drw_966098116644176047,A1EGA005,Travis: Entry 16.11: Cullen Pod,,2021-08-23T22:09:00.256Z,2021-08-23T22:09:05.599Z,"[{'id': 'spc_966136143848407178', 'name': 'Travis: Entry 16.11: Cullen Pod', 'link_id': 'lnk_966136145039589515', 'sensor_placement': -1}]",[],False
86,drw_966094887596327875,A1EFZ025,Travis: Entry 16.1: Women’s Restroom,,2021-08-23T21:56:10.389Z,2021-08-23T21:56:17.035Z,"[{'id': 'spc_966135355721908334', 'name': 'Travis: Entry 16.1: Women’s Restroom', 'link_id': 'lnk_966135356753707119', 'sensor_placement': -1}]",[],False
87,drw_966095266337784783,A1EGA018,Travis: Entry 16.2: Unisex Restroom,,2021-08-23T21:57:40.688Z,2021-08-23T21:57:51.061Z,"[{'id': 'spc_966135549377118325', 'name': 'Travis: Entry 16.2: Unisex Restroom', 'link_id': 'lnk_966135550262116470', 'sensor_placement': -1}]",[],False
88,drw_966095604130251751,A1EGA014,Travis: Entry 16.3: Elevator Lobby,,2021-08-23T21:59:01.254Z,2021-08-23T21:59:10.123Z,"[{'id': 'spc_950805106972950770', 'name': '600 Travis St', 'link_id': 'lnk_966136423851753615', 'sensor_placement': 1}, {'id': 'spc_950805710457798947', 'name': 'Floor 16', 'link_id': 'lnk_966135145306259560', 'sensor_placement': 1}]",[],False
89,drw_966095944758067310,A1EGA015,Travis: Entry 16.5: Elevator Lobby,,2021-08-23T22:00:22.437Z,2021-08-23T22:00:30.113Z,"[{'id': 'spc_950805106972950770', 'name': '600 Travis St', 'link_id': 'lnk_966136424388624528', 'sensor_placement': 1}, {'id': 'spc_950805710457798947', 'name': 'Floor 16', 'link_id': 'lnk_966135145327231081', 'sensor_placement': 1}]",[],False
90,drw_966096424062156927,A1EGA017,Travis: Entry 16.7: Freight elevator,,2021-08-23T22:02:16.712Z,2021-08-23T22:02:21.788Z,"[{'id': 'spc_950805106972950770', 'name': '600 Travis St', 'link_id': 'lnk_966136424610922641', 'sensor_placement': -1}, {'id': 'spc_950805710457798947', 'name': 'Floor 16', 'link_id': 'lnk_966135145344008298', 'sensor_placement': -1}]",[],False
91,drw_966096750530003082,A1EGA035,Travis: Entry 16.9: Men’s Restroom,,2021-08-23T22:03:34.579Z,2021-08-23T22:06:41.423Z,"[{'id': 'spc_966135739995652216', 'name': 'Travis: Entry 16.9: Men’s Restroom', 'link_id': 'lnk_966135740993896569', 'sensor_placement': -1}]",[],False
92,drw_966104439658119770,A1EGA033,Travis: Entry 17.10: Hermann Pod,,2021-08-23T22:34:07.785Z,2021-08-23T22:34:21.111Z,"[{'id': 'spc_966137983738577177', 'name': 'Travis: Entry 17.10: Hermann Pod', 'link_id': 'lnk_966137984686489882', 'sensor_placement': -1}]",[],False
93,drw_966104803589489259,A1EGA002,Travis: Entry 17.11: Macgregor Pod,,2021-08-23T22:35:34.548Z,2021-08-23T22:35:49.995Z,"[{'id': 'spc_966138167893688610', 'name': 'Travis: Entry 17.11: Macgregor Pod', 'link_id': 'lnk_966138168799658275', 'sensor_placement': -1}]",[],False
94,drw_966101297931485527,A1EGA030,Travis: Entry 17.1: Women’s Restroom,,2021-08-23T22:21:38.732Z,2021-08-23T22:21:58.641Z,"[{'id': 'spc_966137203614810276', 'name': 'Travis: Entry 17.1: Women’s Restroom', 'link_id': 'lnk_966137204692746405', 'sensor_placement': -1}]",[],False
95,drw_966101876825129315,A1EFZ018,Travis: Entry 17.2: Unisex Restroom,,2021-08-23T22:23:56.753Z,2021-08-23T22:25:10.127Z,"[{'id': 'spc_966137602891579664', 'name': 'Travis: Entry 17.2: Unisex Restroom', 'link_id': 'lnk_966137603839492369', 'sensor_placement': -1}]",[],False
96,drw_966102767905014136,A1EGA009,Travis: Entry 17.3: Elevator Lobby,,2021-08-23T22:27:29.202Z,2021-08-23T22:27:35.149Z,"[{'id': 'spc_950805106972950770', 'name': '600 Travis St', 'link_id': 'lnk_966138323523338532', 'sensor_placement': 1}, {'id': 'spc_950805740002476324', 'name': 'Floor 17', 'link_id': 'lnk_966136997737398427', 'sensor_placement': 1}]",[],False
97,drw_966103248790356368,A1EGA026,Travis: Entry 17.5: Elevator Lobby,,2021-08-23T22:29:23.856Z,2021-08-23T22:29:35.299Z,"[{'id': 'spc_950805106972950770', 'name': '600 Travis St', 'link_id': 'lnk_966138323984711973', 'sensor_placement': 1}, {'id': 'spc_950805740002476324', 'name': 'Floor 17', 'link_id': 'lnk_966136997741592730', 'sensor_placement': 1}]",[],False
98,drw_966103599438365215,A1EFY006,Travis: Entry 17.7: Freight elevator,,2021-08-23T22:30:47.487Z,2021-08-23T22:30:55.096Z,"[{'id': 'spc_950805106972950770', 'name': '600 Travis St', 'link_id': 'lnk_966138324332839206', 'sensor_placement': -1}, {'id': 'spc_950805740002476324', 'name': 'Floor 17', 'link_id': 'lnk_966136998223937692', 'sensor_placement': -1}]",[],False
99,drw_966104084727726667,A1EFY010,Travis: Entry 17.9: Men’s Restroom,,2021-08-23T22:32:43.157Z,2021-08-23T22:32:53.786Z,"[{'id': 'spc_966137799642186006', 'name': 'Travis: Entry 17.9: Men’s Restroom', 'link_id': 'lnk_966137800581710103', 'sensor_placement': -1}]",[],False
100,drw_966107192392418019,A1EFR010,Travis: Entry 18.10: Pod 1,,2021-08-23T22:45:04.081Z,2021-08-23T22:45:10.537Z,"[{'id': 'spc_966141229429424532', 'name': 'Travis: Entry 18.10: Pod 1', 'link_id': 'lnk_966141230528332181', 'sensor_placement': -1}]",[],False
101,drw_966107587944645443,A1EFM044,Travis: Entry 18.11: Pod 2,,2021-08-23T22:46:38.389Z,2021-08-23T22:46:44.742Z,"[{'id': 'spc_966141408211632536', 'name': 'Travis: Entry 18.11: Pod 2', 'link_id': 'lnk_966141411239920025', 'sensor_placement': -1}]",[],False
102,drw_966105485604291200,A1EFJ042,Travis: Entry 18.1: Women’s Restroom,,2021-08-23T22:38:17.153Z,2021-08-23T22:38:23.344Z,"[{'id': 'spc_966138903348117822', 'name': 'Travis: Entry 18.1: Women’s Restroom', 'link_id': 'lnk_966138904308613439', 'sensor_placement': -1}]",[],False
103,drw_966105808246932111,A1EFR011,Travis: Entry 18.2: Unisex Restroom,,2021-08-23T22:39:34.075Z,2021-08-24T00:55:18.224Z,"[{'id': 'spc_966140517144330596', 'name': 'Travis: Entry 18.2: Unisex Restroom', 'link_id': 'lnk_966140651013931367', 'sensor_placement': -1}]",[],False
104,drw_966140409090670947,A1EFN008,Travis:Entry 18.3: Elevator Lobby,,2021-08-24T00:57:03.558Z,2021-08-24T00:57:10.163Z,"[{'id': 'spc_950805106972950770', 'name': '600 Travis St', 'link_id': 'lnk_966141577514713500', 'sensor_placement': 1}, {'id': 'spc_950805865026289965', 'name': 'Floor 18', 'link_id': 'lnk_966141032674623853', 'sensor_placement': 1}]",[],False
105,drw_966106210400993947,A1EFN028,Travis: Entry 18.5: Elevator Lobby,,2021-08-23T22:41:09.958Z,2021-08-23T22:41:16.978Z,"[{'id': 'spc_950805106972950770', 'name': '600 Travis St', 'link_id': 'lnk_966141577510519195', 'sensor_placement': 1}, {'id': 'spc_950805865026289965', 'name': 'Floor 18', 'link_id': 'lnk_966138667103945015', 'sensor_placement': 1}]",[],False
106,drw_966106510704771754,A1EFN022,Travis: Entry 18.7: Freight elevator,,2021-08-23T22:42:21.555Z,2021-08-23T22:42:28.278Z,"[{'id': 'spc_950805106972950770', 'name': '600 Travis St', 'link_id': 'lnk_966141577971892637', 'sensor_placement': -1}, {'id': 'spc_950805865026289965', 'name': 'Floor 18', 'link_id': 'lnk_966138667556929849', 'sensor_placement': -1}]",[],False
107,drw_966106868374045365,A1EFR003,Travis: Entry 18.9: Men’s Restroom,,2021-08-23T22:43:46.837Z,2022-01-12T01:12:58.658Z,"[{'id': 'spc_966140914466554218', 'name': 'Travis: Entry 18.9: Men’s Restroom', 'link_id': 'lnk_966140915561267563', 'sensor_placement': -1}]",[],False
108,drw_966110503636042652,A1EFN025,Travis: Entry 19.10: Pod,,2021-08-23T22:58:13.545Z,2021-08-23T22:58:24.514Z,"[{'id': 'spc_966143200106381782', 'name': 'Travis: Entry 19.10: Pod', 'link_id': 'lnk_966143201146569175', 'sensor_placement': -1}]",[],False
109,drw_966108377782420313,A1EFK001,Travis: Entry 19.1: Women’s Restroom,,2021-08-23T22:49:46.701Z,2021-08-23T22:50:00.074Z,"[{'id': 'spc_966142808639406538', 'name': 'Travis: Entry 19.1: Women’s Restroom', 'link_id': 'lnk_966142809532793291', 'sensor_placement': -1}]",[],False
110,drw_966108760751735652,A1EFN038,Travis: Entry 19.2: Unisex Restroom,,2021-08-23T22:51:18.011Z,2022-01-12T01:27:41.839Z,"[{'id': 'spc_966142589222781380', 'name': 'Travis: Entry 19.2: Unisex Restroom', 'link_id': 'lnk_966142590208442821', 'sensor_placement': -1}]",[],False
111,drw_966109101106922351,A1EFN013,Travis: Entry 19.3: Elevator Lobby,,2021-08-23T22:52:39.162Z,2021-08-23T22:52:45.711Z,"[{'id': 'spc_950805106972950770', 'name': '600 Travis St', 'link_id': 'lnk_966143406654882264', 'sensor_placement': 1}, {'id': 'spc_950805903127347510', 'name': 'Floor 19', 'link_id': 'lnk_966142285701972414', 'sensor_placement': 1}]",[],False
112,drw_966109455517221754,A1EFN001,Travis: Entry 19.5: Near Corridor 1962,,2021-08-23T22:54:03.668Z,2021-11-11T18:38:57.399Z,"[{'id': 'spc_950805106972950770', 'name': '600 Travis St', 'link_id': 'lnk_966143406680048089', 'sensor_placement': -1}, {'id': 'spc_950805903127347510', 'name': 'Floor 19', 'link_id': 'lnk_995036301138854313', 'sensor_placement': -1}]",[],False
113,drw_966109767380501384,A1EFN014,Travis: Entry 19.7: Freight Elevator,,2021-08-23T22:55:18.011Z,2021-08-23T22:55:31.786Z,"[{'id': 'spc_950805106972950770', 'name': '600 Travis St', 'link_id': 'lnk_966143407233696218', 'sensor_placement': -1}, {'id': 'spc_950805903127347510', 'name': 'Floor 19', 'link_id': 'lnk_966142286117208511', 'sensor_placement': -1}]",[],False
114,drw_966110146893710226,A1EFN010,Travis: Entry 19.9: Men’s Restroom,,2021-08-23T22:56:48.489Z,2021-08-23T22:57:01.613Z,"[{'id': 'spc_966143009378795983', 'name': 'Travis: Entry 19.9: Men’s Restroom', 'link_id': 'lnk_966143010599338448', 'sensor_placement': -1}]",[],False
115,drw_966113144613109898,A1EFN042,Travis: Entry 20.10:Namaste Pod,,2021-08-23T23:08:43.203Z,2021-08-23T23:08:48.835Z,"[{'id': 'spc_966144630519235068', 'name': 'Travis: Entry 20.10:Namaste Pod', 'link_id': 'lnk_966144632054350333', 'sensor_placement': -1}]",[],False
116,drw_966113412083875989,A1EFN027,Travis: Entry 20.11: Quiet Box by office 2026,,2021-08-23T23:09:46.973Z,2021-08-23T23:09:54.232Z,"[{'id': 'spc_966144816867967495', 'name': 'Travis: Entry 20.11: Quiet Box by office 2026', 'link_id': 'lnk_966144818021401096', 'sensor_placement': -1}]",[],False
117,drw_966110866556584872,A1EFM035,Travis: Entry 20.1: Women’s Restroom,,2021-08-23T22:59:40.071Z,2021-08-23T22:59:50.450Z,"[{'id': 'spc_966143992649482738', 'name': 'Travis: Entry 20.1: Women’s Restroom', 'link_id': 'lnk_966143993698058739', 'sensor_placement': -1}]",[],False
118,drw_966111284347011151,A1EFR009,Travis: Entry 20.2: Unisex Restroom,,2021-08-23T23:01:19.680Z,2021-08-23T23:01:26.653Z,"[{'id': 'spc_966144170173399540', 'name': 'Travis: Entry 20.2: Unisex Restroom', 'link_id': 'lnk_966144171112923637', 'sensor_placement': -1}]",[],False
119,drw_966111661805011035,A1EFN015,Travis: Entry 20.3: Corridor 2009,,2021-08-23T23:02:49.676Z,2021-08-23T23:02:57.200Z,"[{'id': 'spc_950805106972950770', 'name': '600 Travis St', 'link_id': 'lnk_966144975521710603', 'sensor_placement': 1}, {'id': 'spc_950805945477234999', 'name': 'Floor 20', 'link_id': 'lnk_966143802588791274', 'sensor_placement': 1}]",[],False
120,drw_966111997026369640,A1EFN024,Travis: Entry 20.5: Corridor 2017,,2021-08-23T23:04:09.596Z,2021-08-23T23:04:24.869Z,"[{'id': 'spc_950805106972950770', 'name': '600 Travis St', 'link_id': 'lnk_966144975534293516', 'sensor_placement': 1}, {'id': 'spc_950805945477234999', 'name': 'Floor 20', 'link_id': 'lnk_966143802592985579', 'sensor_placement': 1}]",[],False
121,drw_966112412195356786,A1EFN019,Travis: Entry 20.7: Freight Elevator 2007,,2021-08-23T23:05:48.579Z,2021-08-23T23:05:59.947Z,"[{'id': 'spc_950805106972950770', 'name': '600 Travis St', 'link_id': 'lnk_966144975991472653', 'sensor_placement': -1}, {'id': 'spc_950805945477234999', 'name': 'Floor 20', 'link_id': 'lnk_966143803108884972', 'sensor_placement': -1}]",[],False
122,drw_966112820989001855,A1EFH006,Travis: Entry 20.9: Men’s Restroom,,2021-08-23T23:07:26.044Z,2021-08-23T23:07:33.338Z,"[{'id': 'spc_966144451749609978', 'name': 'Travis: Entry 20.9: Men’s Restroom', 'link_id': 'lnk_966144452924015099', 'sensor_placement': -1}]",[],False
123,drw_964273723693597045,A1EFN017,Travis: Entry 9.10: Einstein Pod,,2021-08-18T21:19:31.083Z,2021-08-23T19:28:20.699Z,"[{'id': 'spc_964273728827425142', 'name': 'Travis  F9: Einstein Pod', 'link_id': 'lnk_964273729557234039', 'sensor_placement': -1}]",[],False
124,drw_964273825522909562,A1EFR002,Travis: Entry 9.11: Carver Pod,,2021-08-18T21:19:55.358Z,2021-08-23T19:27:02.772Z,"[{'id': 'spc_964273830698680699', 'name': 'Travis F9: Carver Pod', 'link_id': 'lnk_964273831495598460', 'sensor_placement': -1}]",[],False
125,drw_964272325283283149,A1EFN039,Travis: Entry 9.1: Women’s Restroom 902,,2021-08-18T21:13:57.676Z,2021-08-23T19:09:10.147Z,"[{'id': 'spc_964272358133072079', 'name': 'Travis F9 : Women’s Restroom', 'link_id': 'lnk_964272359299088592', 'sensor_placement': -1}]",[],False
126,drw_964272643656122679,A1EFR001,Travis: Entry 9.2: Unisex Restroom 902,,2021-08-18T21:15:13.579Z,2021-08-23T19:09:53.167Z,"[{'id': 'spc_964272653407879504', 'name': 'Travis F9 : Unisex Restroom 902', 'link_id': 'lnk_964272654066385233', 'sensor_placement': -1}]",[],False
127,drw_964272926620647781,A1EFR024,Travis: Entry 9.3 : Elevator Lobby 900,,2021-08-18T21:16:21.042Z,2021-08-23T19:14:00.867Z,"[{'id': 'spc_950805106972950770', 'name': '600 Travis St', 'link_id': 'lnk_964274565435883920', 'sensor_placement': 1}, {'id': 'spc_950805411462643995', 'name': 'Floor 9', 'link_id': 'lnk_964272979405963622', 'sensor_placement': 1}]",[],False
128,drw_964273218510651760,A1EFN002,Travis: Entry 9.5: Elevator Lobby 900,,2021-08-18T21:17:30.631Z,2021-08-23T19:15:00.039Z,"[{'id': 'spc_950805106972950770', 'name': '600 Travis St', 'link_id': 'lnk_964274565431689615', 'sensor_placement': 1}, {'id': 'spc_950805411462643995', 'name': 'Floor 9', 'link_id': 'lnk_964273232259580273', 'sensor_placement': 1}]",[],False
129,drw_964273105881006444,A1EFJ025,Travis: Entry 9.7: Freight Elevator,,2021-08-18T21:17:03.782Z,2021-08-23T19:15:48.168Z,"[{'id': 'spc_950805106972950770', 'name': '600 Travis St', 'link_id': 'lnk_964274566081806737', 'sensor_placement': -1}, {'id': 'spc_950805411462643995', 'name': 'Floor 9', 'link_id': 'lnk_964273121794195823', 'sensor_placement': -1}]",[],False
130,drw_964273422982971762,A1EFM031,Travis: Entry 9.9: Men’s Restroom,,2021-08-18T21:18:19.396Z,2021-08-23T19:24:14.001Z,"[{'id': 'spc_964273433095438707', 'name': 'Travis: F9: Men’s Restroom', 'link_id': 'lnk_964273433879773556', 'sensor_placement': -1}]",[],False
131,drw_966098428113191112,A1EGA008,Travis: Entry Stairwell 16 to 17,,2021-08-23T22:10:14.528Z,2021-08-23T22:10:24.227Z,"[{'id': 'spc_950805710457798947', 'name': 'Floor 16', 'link_id': 'lnk_966135145843130475', 'sensor_placement': -1}, {'id': 'spc_950805740002476324', 'name': 'Floor 17', 'link_id': 'lnk_966136998236520605', 'sensor_placement': 1}]",[],False
132,drw_966107966086316879,A1EFN023,Travis: Entry Stairwell 18 to 19,,2021-08-23T22:48:08.554Z,2021-08-23T22:48:16.059Z,"[{'id': 'spc_950805865026289965', 'name': 'Floor 18', 'link_id': 'lnk_966138667707924794', 'sensor_placement': -1}, {'id': 'spc_950805903127347510', 'name': 'Floor 19', 'link_id': 'lnk_966142286209483200', 'sensor_placement': 1}]",[],False
